Date,Cumulative_kWh,Daily_kWh,Temp_Max_C,Temp_Min_C,CloudCover_Percent,Sun_Hours,Condition,Data_Flag,Sun_Hours_Cloud_Adjusted
01/01/2024,1016,10,24.2,0,82,1.5,Very cloudy,Actual,0.3
02/01/2024,1029,13,23.1,4,30,7.8,Partly cloudy,Actual,5.5
03/01/2024,1051,22,8.9,7.6,4,9.7,Cloudy,Actual,9.3
04/01/2024,1075,24,6.4,11.7,82,2,Sunny,Actual,0.4
05/01/2024,1095,20,7,4.1,33,6.9,Sunny,Actual,4.6
06/01/2024,1112,17,5.4,9,9,8.5,Very cloudy,Actual,7.7
07/01/2024,1134,22,6.9,13.2,88,2.2,Sunny,Actual,0.3
08/01/2024,1148,14,18.7,8.9,1,9.1,Cloudy,Actual,9
09/01/2024,1164,16,6.4,2.7,10,9.4,Very cloudy,Actual,8.5
10/01/2024,1183,19,11.4,-0.6,49,5.4,Partly cloudy,Actual,2.8
11/01/2024,1195,12,21.9,12.9,30,6.8,Sunny,Actual,4.8
12/01/2024,1211,16,5.5,-0.7,55,4.8,Mostly cloudy,Actual,2.2
13/01/2024,1231,20,21.3,13,78,2,Sunny,Actual,0.4
14/01/2024,1251,20,10.6,7.5,72,2.5,Partly cloudy,Actual,0.7
15/01/2024,1268,17,7.4,14,86,1.6,Very cloudy,Actual,0.2
16/01/2024,1282,14,18.9,11.8,82,1.3,Partly cloudy,Actual,0.2
17/01/2024,1295,13,17.6,15,8,9.1,Mostly cloudy,Actual,8.4
18/01/2024,1312,17,22.5,4.6,98,-0.1,Cloudy,Actual,0
19/01/2024,1329,17,19.7,11.3,20,7.8,Sunny,Actual,6.2
20/01/2024,1341,12,21.1,5.4,72,3,Very cloudy,Actual,0.8
21/01/2024,1356,15,10.6,6.7,27,7,Cloudy,Actual,5.1
22/01/2024,1370,14,8.5,9,61,3.8,Partly cloudy,Actual,1.5
23/01/2024,1381,11,20,13,6,9.1,Very cloudy,Actual,8.6
24/01/2024,1398,17,21.1,14.7,79,2.8,Cloudy,Actual,0.6
25/01/2024,1419,21,24.8,11.3,15,8.7,Very cloudy,Actual,7.4
26/01/2024,1442,23,13.3,5.7,96,0.5,Mostly cloudy,Actual,0
27/01/2024,1457,15,12.4,5.7,3,10,Mostly cloudy,Actual,9.7
28/01/2024,1468,11,20.5,10.8,3,9.4,Sunny,Actual,9.1
29/01/2024,1489,21,11.8,2.8,39,6.5,Sunny,Actual,4
30/01/2024,1503,14,23.6,0.8,16,8.6,Mostly cloudy,Actual,7.2
31/01/2024,1513,10,22.2,4.7,51,4.1,Very cloudy,Actual,2
01/02/2024,1534,21,13.6,3.6,92,0.1,Mostly cloudy,Actual,0
02/02/2024,1553,19,20,3.7,51,4.6,Sunny,Actual,2.3
03/02/2024,1568,15,20.1,2.7,35,5.8,Mostly cloudy,Actual,3.8
04/02/2024,1590,22,7.1,-0.3,37,6.2,Mostly cloudy,Actual,3.9
05/02/2024,1611,21,23.1,-0.7,49,4.6,Very cloudy,Actual,2.3
06/02/2024,1629,18,15.1,14.8,62,3.8,Cloudy,Actual,1.4
07/02/2024,1639,10,21.5,5.8,62,4.5,Sunny,Actual,1.7
08/02/2024,1659,20,11.4,5.1,61,3.9,Very cloudy,Actual,1.5
09/02/2024,1679,20,22.9,9.9,98,0,Mostly cloudy,Actual,0
10/02/2024,1703,24,12.8,2.5,6,9.6,Mostly cloudy,Actual,9
11/02/2024,1722,19,5.2,14.2,26,7.1,Cloudy,Actual,5.3
12/02/2024,1743,21,23.1,11.6,91,1.3,Sunny,Actual,0.1
13/02/2024,1764,21,6.8,0.4,85,1.7,Sunny,Actual,0.3
14/02/2024,1788,24,11.4,5.7,13,8.7,Partly cloudy,Actual,7.6
15/02/2024,1811,23,24,13.1,70,3.1,Sunny,Actual,0.9
16/02/2024,1834,23,24,14.1,85,2.5,Cloudy,Actual,0.4
17/02/2024,1858,24,16.5,6.5,4,10.1,Partly cloudy,Actual,9.7
18/02/2024,1881,23,17.6,8.8,54,5.7,Partly cloudy,Actual,2.6
19/02/2024,1893,12,14,1.7,1,10.2,Mostly cloudy,Actual,10.1
20/02/2024,1914,21,10.9,14.9,61,3.2,Mostly cloudy,Actual,1.2
21/02/2024,1930,16,11.6,2.7,90,0.9,Sunny,Actual,0.1
22/02/2024,1943,13,18.5,14.1,20,7.1,Partly cloudy,Actual,5.7
23/02/2024,1961,18,20,9.4,78,2.5,Mostly cloudy,Actual,0.5
24/02/2024,1973,12,20.8,8.7,20,8.4,Cloudy,Actual,6.7
25/02/2024,1987,14,20.8,7.2,9,8.7,Mostly cloudy,Actual,7.9
26/02/2024,1999,12,6.8,2.7,86,1.1,Mostly cloudy,Actual,0.2
27/02/2024,2015,16,14.9,1.8,57,4.4,Partly cloudy,Actual,1.9
28/02/2024,2029,14,6.2,2.5,38,5.6,Partly cloudy,Actual,3.5
29/02/2024,2047,18,16,2,4,9,Very cloudy,Actual,8.6
01/03/2024,2063,16,13.8,11.5,64,4.2,Cloudy,Actual,1.5
02/03/2024,2074,11,22.8,4.6,12,8.9,Partly cloudy,Actual,7.8
03/03/2024,2087,13,12,-0.1,84,1.3,Sunny,Actual,0.2
04/03/2024,2105,18,7.3,14.5,89,0.3,Cloudy,Missing,0
05/03/2024,2126,21,7.9,13.1,84,2,Cloudy,Actual,0.3
06/03/2024,2149,23,20.2,13.8,52,4.5,Partly cloudy,Actual,2.2
07/03/2024,2160,11,17.4,14.9,81,2.8,Cloudy,Actual,0.5
08/03/2024,2179,19,7,1.8,44,6,Partly cloudy,Actual,3.4
09/03/2024,2197,18,6.7,5.3,31,6.5,Mostly cloudy,Actual,4.5
10/03/2024,2216,19,19,11.1,35,6.1,Very cloudy,Actual,4
11/03/2024,2230,14,6.5,10.1,80,2.9,Mostly cloudy,Actual,0.6
12/03/2024,2241,11,21.4,1.5,98,0.2,Partly cloudy,Actual,0
13/03/2024,2254,13,19.1,12.1,59,3.8,Partly cloudy,Actual,1.6
14/03/2024,2275,21,6.6,2.6,10,9,Mostly cloudy,Actual,8.1
15/03/2024,2299,24,6.7,2.6,62,3.5,Sunny,Missing,1.3
16/03/2024,2320,21,24.7,7.6,20,8.1,Sunny,Actual,6.5
17/03/2024,2336,16,12.5,8.5,51,4.9,Sunny,Actual,2.4
18/03/2024,2357,21,12.4,8.3,54,5,Partly cloudy,Actual,2.3
19/03/2024,2379,22,21.3,0.5,25,7.3,Cloudy,Actual,5.5
20/03/2024,2396,17,23.9,13,67,2.9,Partly cloudy,Actual,1
21/03/2024,2420,24,24.7,3.2,33,6.5,Cloudy,Actual,4.4
22/03/2024,2432,12,20.1,1.1,51,4.7,Mostly cloudy,Actual,2.3
23/03/2024,2455,23,12.5,13.2,81,1.9,Very cloudy,Actual,0.4
24/03/2024,2465,10,6.7,14.3,98,0.5,Cloudy,Actual,0
25/03/2024,2478,13,20.5,12.8,92,1.1,Sunny,Actual,0.1
26/03/2024,2489,11,16.2,12,51,5.5,Partly cloudy,Actual,2.7
27/03/2024,2506,17,13.5,9.5,28,6.8,Mostly cloudy,Actual,4.9
28/03/2024,2519,13,23.1,7.8,37,6.5,Sunny,Actual,4.1
29/03/2024,2530,11,7.2,0.4,41,6.3,Mostly cloudy,Actual,3.7
30/03/2024,2553,23,14.9,5.5,20,7.7,Very cloudy,Actual,6.2
31/03/2024,2568,15,5.2,5,41,5.8,Partly cloudy,Actual,3.4
01/04/2024,2583,15,14.4,3.2,12,7.9,Partly cloudy,Missing,7
02/04/2024,2602,19,6.1,10.6,63,4.2,Very cloudy,Actual,1.6
03/04/2024,2615,13,7.4,6.9,16,8.3,Partly cloudy,Actual,7
04/04/2024,2630,15,7.4,0.3,8,9.6,Cloudy,Actual,8.8
05/04/2024,2652,22,18,2.5,40,6.1,Mostly cloudy,Actual,3.7
06/04/2024,2676,24,19.9,9.9,0,9.9,Sunny,Actual,9.9
07/04/2024,2687,11,16.7,0.2,1,9.1,Very cloudy,Actual,9
08/04/2024,2706,19,24.2,12.6,59,3.4,Cloudy,Actual,1.4
09/04/2024,2727,21,12.5,6.9,47,4,Sunny,Actual,2.1
10/04/2024,2738,11,10.7,6.7,28,6.9,Sunny,Missing,5
11/04/2024,2757,19,22.4,8.5,96,1.5,Very cloudy,Actual,0.1
12/04/2024,2780,23,9.5,12.2,9,8.5,Cloudy,Actual,7.7
13/04/2024,2793,13,24.3,4.6,57,3,Sunny,Actual,1.3
14/04/2024,2816,23,5.2,9.8,59,4.6,Sunny,Actual,1.9
15/04/2024,2840,24,24.4,8.1,20,9.2,Cloudy,Missing,7.4
16/04/2024,2864,24,5.9,3.3,27,7.4,Partly cloudy,Actual,5.4
17/04/2024,2881,17,22.8,13.1,74,2.7,Sunny,Actual,0.7
18/04/2024,2904,23,15.6,11.8,33,6.5,Mostly cloudy,Missing,4.4
19/04/2024,2920,16,24.9,9.5,7,8.4,Cloudy,Actual,7.8
20/04/2024,2941,21,6.5,12.6,58,3.5,Sunny,Actual,1.5
21/04/2024,2959,18,16.1,12.9,85,1.3,Very cloudy,Actual,0.2
22/04/2024,2982,23,24.4,10.3,71,2.6,Mostly cloudy,Actual,0.8
23/04/2024,2999,17,15.5,12.4,48,5.1,Sunny,Actual,2.7
24/04/2024,3013,14,17.6,10.2,78,2.6,Mostly cloudy,Actual,0.6
25/04/2024,3035,22,18.9,9.9,16,8.1,Mostly cloudy,Actual,6.8
26/04/2024,3046,11,14.1,8.9,59,4.5,Partly cloudy,Actual,1.8
27/04/2024,3070,24,17.6,11,86,1.1,Mostly cloudy,Actual,0.2
28/04/2024,3084,14,16.7,1.5,87,1.8,Partly cloudy,Actual,0.2
29/04/2024,3101,17,23,13.1,44,5.6,Cloudy,Actual,3.1
30/04/2024,3120,19,5.9,12.9,82,1.6,Partly cloudy,Actual,0.3
01/05/2024,3138,18,10.6,-0.5,68,3.2,Very cloudy,Actual,1
02/05/2024,3159,21,24,12.2,31,6.8,Sunny,Actual,4.7
03/05/2024,3180,21,22.8,1.1,43,5.8,Cloudy,Actual,3.3
04/05/2024,3201,21,14.1,4.4,64,4,Cloudy,Actual,1.4
05/05/2024,3223,22,17.4,10.9,86,1.4,Very cloudy,Actual,0.2
06/05/2024,3241,18,10.5,1.6,7,9.1,Partly cloudy,Missing,8.5
07/05/2024,3263,22,8.8,12.1,76,1.8,Sunny,Actual,0.4
08/05/2024,3287,24,14.3,12.3,71,3.2,Partly cloudy,Actual,0.9
09/05/2024,3309,22,12.1,7.1,86,1.6,Mostly cloudy,Actual,0.2
10/05/2024,3319,10,16.7,-0.9,42,5.2,Partly cloudy,Actual,3
11/05/2024,3337,18,6.6,3.6,0,10.4,Cloudy,Actual,10.4
12/05/2024,3353,16,24.5,8.9,50,4.4,Sunny,Missing,2.2
13/05/2024,3371,18,24.7,14.7,23,8.2,Partly cloudy,Actual,6.3
14/05/2024,3388,17,19,9.1,98,0.5,Sunny,Actual,0
15/05/2024,3398,10,15.7,3.2,23,7.9,Sunny,Actual,6.1
16/05/2024,3419,21,11.2,9.1,16,8.2,Mostly cloudy,Actual,6.9
17/05/2024,3436,17,21.3,7.6,4,9.9,Mostly cloudy,Actual,9.5
18/05/2024,3453,17,18.7,11.5,19,8.6,Cloudy,Actual,7
19/05/2024,3477,24,8.3,0.7,20,8.3,Very cloudy,Actual,6.6
20/05/2024,3497,20,23.2,11.2,57,4,Sunny,Actual,1.7
21/05/2024,3509,12,21.5,7.7,30,7.1,Very cloudy,Actual,5
22/05/2024,3519,10,24,14.4,99,0.7,Cloudy,Actual,0
23/05/2024,3536,17,19.5,4.5,10,10.1,Sunny,Actual,9.1
24/05/2024,3548,12,17.3,9.1,51,4.8,Sunny,Actual,2.4
25/05/2024,3560,12,13.4,13.9,14,9,Very cloudy,Actual,7.7
26/05/2024,3570,10,23.7,0.6,82,2.4,Partly cloudy,Actual,0.4
27/05/2024,3590,20,22.3,14,6,9,Mostly cloudy,Missing,8.5
28/05/2024,3604,14,5.9,10,27,8.2,Partly cloudy,Actual,6
29/05/2024,3623,19,5.5,0.1,50,4.5,Very cloudy,Actual,2.2
30/05/2024,3639,16,12.5,3.8,57,4.7,Mostly cloudy,Actual,2
31/05/2024,3658,19,21.2,10.3,4,9.8,Partly cloudy,Actual,9.4
01/06/2024,3676,18,24.7,0.1,4,9.6,Mostly cloudy,Actual,9.2
02/06/2024,3697,21,8,8.3,93,2,Sunny,Actual,0.1
03/06/2024,3713,16,16.9,4.5,95,0.3,Partly cloudy,Actual,0
04/06/2024,3731,18,12.6,8.9,7,9.1,Mostly cloudy,Actual,8.5
05/06/2024,3748,17,24.4,-0.3,63,4.4,Mostly cloudy,Actual,1.6
06/06/2024,3769,21,21.8,12.9,9,9.5,Mostly cloudy,Actual,8.6
07/06/2024,3780,11,21.8,14.6,37,6.9,Partly cloudy,Actual,4.3
08/06/2024,3790,10,14.4,14.5,95,0.6,Cloudy,Actual,0
09/06/2024,3806,16,13.3,11,91,1.1,Partly cloudy,Actual,0.1
10/06/2024,3822,16,10.5,1.1,80,3,Very cloudy,Actual,0.6
11/06/2024,3845,23,6.1,11.1,94,0.2,Partly cloudy,Actual,0
12/06/2024,3862,17,22.3,-0.6,7,9.2,Mostly cloudy,Actual,8.6
13/06/2024,3876,14,21.3,-0.6,24,8,Sunny,Actual,6.1
14/06/2024,3888,12,25,4.2,72,2.7,Partly cloudy,Actual,0.8
15/06/2024,3909,21,24.9,6.8,65,3.2,Partly cloudy,Actual,1.1
16/06/2024,3926,17,16.1,11.3,78,2.5,Mostly cloudy,Actual,0.5
17/06/2024,3941,15,20.4,9.9,49,5.8,Sunny,Actual,3
18/06/2024,3961,20,23.9,6.1,66,3.3,Sunny,Actual,1.1
19/06/2024,3973,12,22,3.4,48,5.1,Very cloudy,Actual,2.7
20/06/2024,3983,10,9.9,15,35,6.2,Partly cloudy,Actual,4
21/06/2024,3995,12,14,5.8,67,3.2,Sunny,Actual,1.1
22/06/2024,4009,14,7.6,6.2,77,2.8,Sunny,Actual,0.6
23/06/2024,4033,24,24.1,1.6,40,6,Cloudy,Actual,3.6
24/06/2024,4056,23,17.1,11.7,88,0.8,Cloudy,Actual,0.1
25/06/2024,4068,12,9.6,10.1,61,4,Sunny,Actual,1.6
26/06/2024,4078,10,18.4,2.5,9,9.6,Very cloudy,Actual,8.7
27/06/2024,4092,14,17.4,0.3,20,7.7,Sunny,Actual,6.2
28/06/2024,4111,19,12.2,9.9,35,5.8,Mostly cloudy,Actual,3.8
29/06/2024,4127,16,7.3,9.5,11,10,Partly cloudy,Actual,8.9
30/06/2024,4151,24,18.4,3.4,90,0.3,Very cloudy,Missing,0
01/07/2024,4174,23,15.4,14.2,1,9.7,Mostly cloudy,Actual,9.6
02/07/2024,4190,16,20.4,1.4,12,8.9,Very cloudy,Actual,7.8
03/07/2024,4210,20,15.4,5.9,52,4.7,Mostly cloudy,Actual,2.3
04/07/2024,4228,18,22,14.1,31,6.9,Partly cloudy,Actual,4.8
05/07/2024,4252,24,16,5.7,94,0.9,Partly cloudy,Actual,0.1
06/07/2024,4276,24,16.2,9.2,15,7.3,Cloudy,Actual,6.2
07/07/2024,4295,19,22.5,5.4,31,6.3,Mostly cloudy,Actual,4.3
08/07/2024,4314,19,13.1,3.4,31,6.9,Cloudy,Actual,4.8
09/07/2024,4335,21,7.7,14.7,97,0.1,Mostly cloudy,Actual,0
10/07/2024,4357,22,5.6,5.5,10,9.1,Cloudy,Actual,8.2
11/07/2024,4369,12,20.1,13.3,9,9.2,Partly cloudy,Actual,8.4
12/07/2024,4393,24,17.4,2.7,14,7.5,Very cloudy,Actual,6.4
13/07/2024,4409,16,19.1,2.4,16,9,Cloudy,Actual,7.6
14/07/2024,4419,10,9.3,-0.5,39,5.9,Mostly cloudy,Actual,3.6
15/07/2024,4432,13,7.7,9.4,17,7.9,Mostly cloudy,Actual,6.6
16/07/2024,4454,22,5.3,4.9,54,4.7,Partly cloudy,Actual,2.2
17/07/2024,4467,13,12,12.8,72,2.9,Mostly cloudy,Actual,0.8
18/07/2024,4490,23,16.8,6.6,24,8.2,Sunny,Actual,6.2
19/07/2024,4504,14,12.8,14.5,58,4.3,Very cloudy,Actual,1.8
20/07/2024,4520,16,13.7,2,77,2.9,Cloudy,Actual,0.7
21/07/2024,4536,16,23.1,12.9,88,0.7,Very cloudy,Actual,0.1
22/07/2024,4558,22,12,11.4,21,8,Partly cloudy,Actual,6.3
23/07/2024,4582,24,15.3,11.3,29,6.5,Cloudy,Actual,4.6
24/07/2024,4602,20,20.7,12.5,83,1.7,Cloudy,Actual,0.3
25/07/2024,4624,22,12.9,11.2,84,1.5,Sunny,Actual,0.2
26/07/2024,4637,13,17.4,9,43,5.6,Partly cloudy,Actual,3.2
27/07/2024,4659,22,22.2,1.1,31,6.8,Mostly cloudy,Actual,4.7
28/07/2024,4675,16,24,-0.5,50,5.4,Sunny,Actual,2.7
29/07/2024,4695,20,7.9,13.7,45,4.7,Sunny,Actual,2.6
30/07/2024,4707,12,23.5,8.9,20,7.6,Very cloudy,Actual,6.1
31/07/2024,4722,15,14.8,11.7,98,0.2,Very cloudy,Actual,0
01/08/2024,4743,21,10.2,6.7,31,6.3,Very cloudy,Actual,4.3
02/08/2024,4754,11,14.2,0.9,93,0.7,Sunny,Actual,0
03/08/2024,4773,19,24.6,1,38,6.2,Mostly cloudy,Actual,3.8
04/08/2024,4795,22,14.9,10,11,8.2,Cloudy,Actual,7.3
05/08/2024,4818,23,11.6,5.9,46,4.7,Very cloudy,Actual,2.5
06/08/2024,4836,18,17.7,2.2,17,7,Mostly cloudy,Actual,5.8
07/08/2024,4850,14,9.8,6.9,20,7.4,Partly cloudy,Missing,5.9
08/08/2024,4865,15,6.5,0,12,8.8,Very cloudy,Actual,7.7
09/08/2024,4886,21,7.6,8.3,20,8.1,Cloudy,Actual,6.5
10/08/2024,4907,21,7.6,3.3,7,9.4,Partly cloudy,Actual,8.7
11/08/2024,4928,21,8,11.8,45,5.1,Partly cloudy,Actual,2.8
12/08/2024,4949,21,7.8,4,6,9.4,Cloudy,Actual,8.8
13/08/2024,4962,13,17.8,6.3,22,8,Very cloudy,Actual,6.2
14/08/2024,4985,23,8.6,-0.8,95,-0.1,Sunny,Actual,0
15/08/2024,5008,23,11.9,0.2,74,2.7,Cloudy,Actual,0.7
16/08/2024,5028,20,22.9,5.3,85,1.8,Cloudy,Actual,0.3
17/08/2024,5047,19,14.5,6.7,21,7.7,Cloudy,Actual,6.1
18/08/2024,5063,16,18.4,8.6,88,1.7,Partly cloudy,Actual,0.2
19/08/2024,5084,21,8.4,3.7,21,7.7,Mostly cloudy,Missing,6.1
20/08/2024,5102,18,8.8,10.1,91,0.5,Sunny,Actual,0
21/08/2024,5118,16,5.8,12.8,28,7.5,Very cloudy,Actual,5.4
22/08/2024,5141,23,8.4,11.5,12,9.8,Very cloudy,Actual,8.6
23/08/2024,5151,10,10.6,-0.4,81,1.9,Mostly cloudy,Actual,0.4
24/08/2024,5161,10,8.5,6.7,1,10.2,Cloudy,Actual,10.1
25/08/2024,5179,18,6.8,0.7,28,6.9,Sunny,Actual,5
26/08/2024,5199,20,7.4,2.9,84,1,Very cloudy,Actual,0.2
27/08/2024,5222,23,14.2,14.8,78,2.3,Very cloudy,Actual,0.5
28/08/2024,5240,18,9.1,1.3,51,5.1,Cloudy,Actual,2.5
29/08/2024,5253,13,12.3,7,26,7.2,Mostly cloudy,Actual,5.3
30/08/2024,5275,22,15.1,8.9,49,5.4,Sunny,Actual,2.8
31/08/2024,5293,18,18.8,10.2,94,0.3,Mostly cloudy,Actual,0
01/09/2024,5305,12,5.8,8,78,1.7,Mostly cloudy,Actual,0.4
02/09/2024,5321,16,21,-0.8,22,8.3,Sunny,Actual,6.5
03/09/2024,5336,15,17.6,4.2,87,1.8,Sunny,Actual,0.2
04/09/2024,5353,17,6.6,7.3,43,5.4,Very cloudy,Actual,3.1
05/09/2024,5373,20,22.5,0.4,76,3.3,Very cloudy,Actual,0.8
06/09/2024,5391,18,23.4,4.6,21,7.8,Sunny,Actual,6.2
07/09/2024,5414,23,6.2,-0.5,42,5.8,Partly cloudy,Actual,3.4
08/09/2024,5428,14,10.5,0.3,36,6.4,Very cloudy,Actual,4.1
09/09/2024,5438,10,21.1,5.4,60,4.3,Partly cloudy,Actual,1.7
10/09/2024,5450,12,20,1.1,96,0.5,Sunny,Actual,0
11/09/2024,5469,19,8.7,8.1,55,4.6,Very cloudy,Actual,2.1
12/09/2024,5490,21,9.2,10,2,9.3,Mostly cloudy,Actual,9.1
13/09/2024,5507,17,12.4,11.8,62,3,Sunny,Actual,1.1
14/09/2024,5531,24,14.7,2.2,18,8.8,Cloudy,Actual,7.2
15/09/2024,5551,20,17.4,1.7,22,7.5,Partly cloudy,Actual,5.9
16/09/2024,5566,15,12.4,0.7,28,7.2,Sunny,Actual,5.2
17/09/2024,5583,17,14.3,9.2,29,7.3,Sunny,Actual,5.2
18/09/2024,5601,18,19.9,10.3,38,7,Very cloudy,Actual,4.3
19/09/2024,5614,13,5.7,-0.5,24,7.7,Very cloudy,Actual,5.9
20/09/2024,5624,10,10,14,7,9.1,Very cloudy,Actual,8.5
21/09/2024,5647,23,19.3,-0.2,57,4,Cloudy,Actual,1.7
22/09/2024,5657,10,22.9,7.7,15,8.5,Very cloudy,Actual,7.2
23/09/2024,5676,19,15.2,10.3,71,2.4,Sunny,Actual,0.7
24/09/2024,5689,13,15.6,12.9,0,10,Very cloudy,Actual,10
25/09/2024,5710,21,7.1,10.4,4,9.6,Mostly cloudy,Actual,9.2
26/09/2024,5733,23,13.9,11.8,2,10.6,Very cloudy,Actual,10.4
27/09/2024,5749,16,15.7,4.4,64,3.6,Cloudy,Actual,1.3
28/09/2024,5760,11,9.8,12,3,8.7,Mostly cloudy,Actual,8.4
29/09/2024,5772,12,10.4,0.3,98,1.5,Sunny,Actual,0
30/09/2024,5782,10,12.5,13.3,95,1,Sunny,Actual,0.1
01/10/2024,5796,14,5.4,7.8,63,4.7,Partly cloudy,Actual,1.7
02/10/2024,5806,10,11.4,12.1,97,-0.3,Mostly cloudy,Actual,0
03/10/2024,5823,17,9.2,6.2,88,1.1,Partly cloudy,Actual,0.1
04/10/2024,5833,10,11.5,9.3,9,9.4,Mostly cloudy,Actual,8.6
05/10/2024,5853,20,7.4,7.4,20,8.3,Mostly cloudy,Missing,6.6
06/10/2024,5863,10,22.8,10.7,45,5.7,Cloudy,Actual,3.1
07/10/2024,5874,11,16.9,0.3,90,-0.1,Partly cloudy,Actual,0
08/10/2024,5885,11,18.6,0,26,6.5,Cloudy,Actual,4.8
09/10/2024,5906,21,20.8,3,65,4.3,Mostly cloudy,Actual,1.5
10/10/2024,5921,15,15,1.6,40,6.8,Sunny,Actual,4.1
11/10/2024,5937,16,6.7,12.9,12,8.7,Mostly cloudy,Actual,7.7
12/10/2024,5951,14,15.7,2.5,8,9.9,Cloudy,Actual,9.1
13/10/2024,5961,10,16.7,14.6,35,6,Partly cloudy,Actual,3.9
14/10/2024,5971,10,19.9,4.4,85,1.1,Partly cloudy,Actual,0.2
15/10/2024,5983,12,13.6,1.9,89,0.5,Cloudy,Actual,0.1
16/10/2024,6006,23,7.6,11.6,57,3.9,Partly cloudy,Actual,1.7
17/10/2024,6017,11,10.7,9.5,53,5.1,Very cloudy,Actual,2.4
18/10/2024,6031,14,12.3,7,11,8.5,Sunny,Actual,7.6
19/10/2024,6052,21,17.9,7.9,80,3.1,Sunny,Actual,0.6
20/10/2024,6071,19,16.4,10.5,77,2.5,Sunny,Actual,0.6
21/10/2024,6086,15,12.1,2.7,13,9.2,Partly cloudy,Actual,8
22/10/2024,6102,16,24.7,14.9,33,6.9,Partly cloudy,Actual,4.6
23/10/2024,6115,13,17.1,14.6,52,5.4,Mostly cloudy,Actual,2.6
24/10/2024,6131,16,9.7,9.4,19,7.7,Mostly cloudy,Actual,6.2
25/10/2024,6151,20,7,2.2,74,3.3,Sunny,Actual,0.9
26/10/2024,6168,17,8.1,9.9,15,8.6,Very cloudy,Actual,7.3
27/10/2024,6188,20,9.9,0.2,94,1.2,Mostly cloudy,Actual,0.1
28/10/2024,6198,10,8.2,-0.5,69,2.4,Mostly cloudy,Actual,0.7
29/10/2024,6222,24,8.7,3.1,55,4.6,Partly cloudy,Actual,2.1
30/10/2024,6237,15,10.7,6.4,82,1.9,Very cloudy,Actual,0.3
31/10/2024,6254,17,8.5,12.9,57,4,Sunny,Actual,1.7
01/11/2024,6268,14,22.9,10.6,3,9.9,Mostly cloudy,Actual,9.6
02/11/2024,6281,13,6.6,10.9,3,10.5,Very cloudy,Actual,10.2
03/11/2024,6292,11,15.5,5.8,19,7.8,Very cloudy,Actual,6.3
04/11/2024,6307,15,13.2,4.5,9,9.6,Sunny,Actual,8.7
05/11/2024,6322,15,24.6,4.9,23,7.1,Very cloudy,Actual,5.5
06/11/2024,6342,20,7.2,14.8,98,1.3,Very cloudy,Actual,0
07/11/2024,6366,24,13,-0.4,25,7.9,Very cloudy,Missing,5.9
08/11/2024,6376,10,24.4,12.9,36,7.3,Mostly cloudy,Actual,4.7
09/11/2024,6394,18,22.3,8.3,84,1.9,Sunny,Actual,0.3
10/11/2024,6415,21,21.3,6,53,4.9,Very cloudy,Actual,2.3
11/11/2024,6435,20,10.2,10.6,20,8.4,Very cloudy,Actual,6.7
12/11/2024,6450,15,8.4,6.8,73,2.6,Mostly cloudy,Actual,0.7
13/11/2024,6472,22,18.4,13,37,5.5,Sunny,Actual,3.5
14/11/2024,6484,12,23.6,13.4,45,5.7,Partly cloudy,Actual,3.1
15/11/2024,6497,13,16.1,5.7,3,9.3,Mostly cloudy,Actual,9
16/11/2024,6518,21,16.4,3.4,59,3.5,Sunny,Actual,1.4
17/11/2024,6538,20,10.6,8.5,56,4.7,Very cloudy,Actual,2.1
18/11/2024,6551,13,20.4,13.6,44,5.5,Sunny,Actual,3.1
19/11/2024,6563,12,8.7,2.4,19,8.6,Sunny,Actual,7
20/11/2024,6582,19,11.5,9,16,8,Sunny,Actual,6.7
21/11/2024,6594,12,13.5,9.1,70,2.8,Partly cloudy,Actual,0.8
22/11/2024,6618,24,15.2,10.7,3,10.3,Sunny,Actual,10
23/11/2024,6630,12,9.8,1.1,92,0.9,Partly cloudy,Actual,0.1
24/11/2024,6643,13,7.3,10.5,13,8,Very cloudy,Actual,7
25/11/2024,6659,16,17.2,13.5,2,9.9,Partly cloudy,Actual,9.7
26/11/2024,6672,13,10.8,1.9,87,2,Very cloudy,Actual,0.3
27/11/2024,6690,18,16.6,2.8,79,1.9,Very cloudy,Actual,0.4
28/11/2024,6700,10,8.1,14.5,57,4.6,Partly cloudy,Actual,2
29/11/2024,6717,17,14.6,1.9,54,4.2,Mostly cloudy,Actual,1.9
30/11/2024,6733,16,15.7,12.7,3,9.6,Cloudy,Actual,9.3
01/12/2024,6744,11,6,6.9,23,8.2,Sunny,Actual,6.3
02/12/2024,6761,17,11.7,3,33,6.8,Cloudy,Actual,4.6
03/12/2024,6771,10,7.7,12.9,29,7.7,Sunny,Actual,5.5
04/12/2024,6791,20,6.3,6.1,81,2.1,Sunny,Actual,0.4
05/12/2024,6812,21,24.8,7.2,18,9.3,Very cloudy,Actual,7.6
06/12/2024,6830,18,11.4,4.7,30,6.2,Sunny,Actual,4.3
07/12/2024,6848,18,21.2,8.5,59,4,Sunny,Actual,1.6
08/12/2024,6859,11,10.1,1.6,59,3.6,Partly cloudy,Actual,1.5
09/12/2024,6875,16,18.6,5.3,18,7.7,Cloudy,Actual,6.3
10/12/2024,6899,24,20.2,14.5,48,4.7,Partly cloudy,Actual,2.4
11/12/2024,6922,23,16.9,3.1,62,3.9,Sunny,Actual,1.5
12/12/2024,6941,19,14.4,9.5,82,1.9,Very cloudy,Actual,0.3
13/12/2024,6953,12,13.2,4.2,21,8.1,Partly cloudy,Missing,6.4
14/12/2024,6969,16,12,11.4,23,7.1,Partly cloudy,Actual,5.5
15/12/2024,6990,21,23.6,1.1,75,2.3,Mostly cloudy,Missing,0.6
16/12/2024,7009,19,21.6,14.5,29,6.6,Sunny,Actual,4.7
17/12/2024,7027,18,24.3,6.3,57,4.8,Very cloudy,Actual,2.1
18/12/2024,7040,13,7.5,2.8,30,6.6,Partly cloudy,Actual,4.6
19/12/2024,7061,21,19.6,0.2,99,0,Partly cloudy,Actual,0
20/12/2024,7071,10,23.8,1.7,63,4,Very cloudy,Actual,1.5
21/12/2024,7082,11,8.6,7.3,18,7.9,Sunny,Actual,6.5
22/12/2024,7092,10,6.3,4.4,47,5.6,Mostly cloudy,Actual,3
23/12/2024,7115,23,19.8,12.3,44,6.4,Partly cloudy,Actual,3.6
24/12/2024,7136,21,16.5,5.9,99,0.2,Mostly cloudy,Actual,0
25/12/2024,7150,14,21.8,3,93,1.2,Cloudy,Actual,0.1
26/12/2024,7164,14,7.8,8.9,54,3.6,Sunny,Actual,1.7
27/12/2024,7184,20,20.9,10.3,54,4.4,Cloudy,Actual,2
28/12/2024,7200,16,9,1.7,96,0.5,Cloudy,Missing,0
29/12/2024,7218,18,8.3,1.7,17,7.8,Cloudy,Actual,6.5
30/12/2024,7236,18,8.3,-0.4,62,3.9,Sunny,Actual,1.5
31/12/2024,7248,12,21.3,10.8,91,1.4,Sunny,Actual,0.1
01/01/2025,7260,12,18.3,9.6,46,4.5,Very cloudy,Actual,2.4
02/01/2025,7272,12,15.5,6.6,74,2,Mostly cloudy,Actual,0.5
03/01/2025,7285,13,12.2,12.5,56,4.5,Mostly cloudy,Actual,2
04/01/2025,7302,17,22.5,11.9,44,5.8,Very cloudy,Actual,3.2
05/01/2025,7317,15,12.8,8.4,32,7.2,Very cloudy,Actual,4.9
06/01/2025,7334,17,21.3,12.9,16,8.5,Cloudy,Actual,7.1
07/01/2025,7344,10,13.8,2.3,69,3.3,Very cloudy,Actual,1
08/01/2025,7361,17,12.5,0.8,3,10.2,Partly cloudy,Actual,9.9
09/01/2025,7374,13,14.3,3.3,19,7.9,Mostly cloudy,Actual,6.4
10/01/2025,7394,20,11,-0.1,46,5.1,Very cloudy,Actual,2.8
11/01/2025,7404,10,20,7.5,90,0.9,Partly cloudy,Actual,0.1
12/01/2025,7421,17,15.1,14,14,8.7,Partly cloudy,Actual,7.5
13/01/2025,7434,13,9.6,-0.4,69,2.8,Partly cloudy,Actual,0.9
14/01/2025,7449,15,23,1,46,5.2,Partly cloudy,Actual,2.8
15/01/2025,7466,17,12.7,6.2,77,2.5,Cloudy,Actual,0.6
16/01/2025,7479,13,15.9,13.9,74,2.7,Partly cloudy,Actual,0.7
17/01/2025,7502,23,23.1,4.1,8,9.1,Cloudy,Missing,8.4
18/01/2025,7514,12,17.5,7.1,89,0.2,Cloudy,Actual,0
19/01/2025,7537,23,7.3,-0.3,15,8.5,Partly cloudy,Actual,7.2
20/01/2025,7555,18,23.8,1.4,68,2.7,Mostly cloudy,Actual,0.9
21/01/2025,7567,12,17.6,14.8,60,4.5,Partly cloudy,Actual,1.8
22/01/2025,7585,18,11.7,14.4,9,8.9,Partly cloudy,Missing,8.1
23/01/2025,7607,22,7.8,-0.9,49,4.6,Partly cloudy,Actual,2.3
24/01/2025,7618,11,20.9,14.2,2,9.8,Mostly cloudy,Actual,9.6
25/01/2025,7641,23,17.4,9.2,76,3,Sunny,Actual,0.7
26/01/2025,7652,11,15.7,12.9,93,1,Sunny,Actual,0.1
27/01/2025,7663,11,22.9,6.3,69,3.2,Cloudy,Actual,1
28/01/2025,7678,15,20.8,7.2,80,1.3,Cloudy,Actual,0.3
29/01/2025,7690,12,8,6.8,50,5.8,Mostly cloudy,Actual,2.9
30/01/2025,7712,22,11.2,9.7,18,7.9,Very cloudy,Actual,6.5
31/01/2025,7730,18,10,1.2,41,6.4,Sunny,Missing,3.8
01/02/2025,7743,13,19.9,-0.5,34,6.4,Cloudy,Actual,4.2
02/02/2025,7753,10,5.7,3.9,45,5.9,Sunny,Actual,3.2
03/02/2025,7766,13,16.4,10.3,25,8.2,Mostly cloudy,Missing,6.1
04/02/2025,7776,10,20.2,2.2,68,3.5,Mostly cloudy,Actual,1.1
05/02/2025,7799,23,22.5,9.8,92,1.2,Very cloudy,Missing,0.1
06/02/2025,7813,14,11.8,14.5,63,3.7,Very cloudy,Actual,1.4
07/02/2025,7826,13,21.4,0.5,36,6.2,Mostly cloudy,Actual,4
08/02/2025,7843,17,7.2,9.8,83,1.8,Cloudy,Missing,0.3
09/02/2025,7860,17,21.9,6.1,48,5,Sunny,Actual,2.6
10/02/2025,7876,16,7.5,12.9,20,9.2,Partly cloudy,Actual,7.4
11/02/2025,7888,12,12.9,1.8,73,2.2,Very cloudy,Actual,0.6
12/02/2025,7898,10,20.9,10.1,63,4.2,Partly cloudy,Actual,1.6
13/02/2025,7908,10,8,12.4,4,9.9,Cloudy,Actual,9.5
14/02/2025,7929,21,9.6,14.1,99,0.2,Very cloudy,Actual,0
15/02/2025,7949,20,19.4,9.9,69,3.8,Partly cloudy,Actual,1.2
16/02/2025,7961,12,19.4,7,89,1.2,Cloudy,Actual,0.1
17/02/2025,7976,15,17.8,8.9,3,9.4,Sunny,Actual,9.1
18/02/2025,7992,16,18.9,12.9,38,6.3,Cloudy,Actual,3.9
19/02/2025,8007,15,15.9,8.1,34,6.5,Very cloudy,Actual,4.3
20/02/2025,8030,23,10,-0.5,0,10.3,Mostly cloudy,Actual,10.3
21/02/2025,8053,23,11.9,13.9,23,8.1,Sunny,Actual,6.2
22/02/2025,8068,15,8.6,10,56,4,Partly cloudy,Actual,1.8
23/02/2025,8083,15,23.2,9.8,99,0.7,Very cloudy,Actual,0
24/02/2025,8105,22,16.7,2.5,69,3,Mostly cloudy,Actual,0.9
25/02/2025,8117,12,13,9.5,40,6.2,Cloudy,Actual,3.7
26/02/2025,8132,15,14.2,5.3,53,5,Mostly cloudy,Actual,2.3
27/02/2025,8149,17,23.9,9.4,45,5.7,Very cloudy,Actual,3.1
28/02/2025,8169,20,8.1,0.7,59,4,Very cloudy,Actual,1.6
01/03/2025,8189,20,16.7,9.5,59,3.9,Mostly cloudy,Actual,1.6
02/03/2025,8200,11,15.1,15,56,4.3,Cloudy,Actual,1.9
03/03/2025,8214,14,17.2,-0.2,30,7.8,Mostly cloudy,Actual,5.5
04/03/2025,8237,23,5.4,14.6,83,1.3,Very cloudy,Actual,0.2
05/03/2025,8247,10,22.4,5.5,23,7.3,Very cloudy,Actual,5.6
06/03/2025,8268,21,23.6,12.9,88,0.8,Partly cloudy,Actual,0.1
07/03/2025,8292,24,16.3,11.5,35,6.6,Partly cloudy,Actual,4.3
08/03/2025,8302,10,18.9,8.1,84,0.8,Sunny,Actual,0.1
09/03/2025,8316,14,23.4,10.8,29,6.4,Very cloudy,Actual,4.5
10/03/2025,8337,21,19.1,13.1,23,7.6,Partly cloudy,Actual,5.9
11/03/2025,8359,22,8.1,5.5,29,6.5,Mostly cloudy,Actual,4.6
12/03/2025,8371,12,16.5,4.2,85,0.9,Cloudy,Actual,0.1
13/03/2025,8384,13,17.1,9.7,91,0.3,Mostly cloudy,Actual,0
14/03/2025,8396,12,13.5,11.9,6,9,Cloudy,Actual,8.5
15/03/2025,8406,10,19.7,11.2,34,7,Partly cloudy,Actual,4.6
16/03/2025,8416,10,23.7,11.8,54,5.1,Sunny,Actual,2.3
17/03/2025,8437,21,23.5,6,91,1.9,Mostly cloudy,Actual,0.2
18/03/2025,8458,21,14,12.1,13,9.6,Mostly cloudy,Actual,8.4
19/03/2025,8481,23,7.3,0.9,9,9.5,Mostly cloudy,Actual,8.6
20/03/2025,8503,22,24.7,7.7,79,2.6,Cloudy,Actual,0.5
21/03/2025,8526,23,21.8,-0.9,15,8.6,Partly cloudy,Actual,7.3
22/03/2025,8540,14,7.5,4.2,53,5,Mostly cloudy,Actual,2.3
23/03/2025,8555,15,23.4,4.9,94,1.6,Mostly cloudy,Missing,0.1
24/03/2025,8567,12,22.4,5.3,88,1.4,Sunny,Actual,0.2
25/03/2025,8588,21,15.4,10.1,76,3,Sunny,Actual,0.7
26/03/2025,8606,18,16.8,5.2,69,2.6,Partly cloudy,Actual,0.8
27/03/2025,8620,14,13,6.2,43,5.4,Partly cloudy,Actual,3.1
28/03/2025,8637,17,6.1,2.8,72,3,Very cloudy,Actual,0.8
29/03/2025,8659,22,11.7,5,44,5.7,Sunny,Actual,3.2
30/03/2025,8669,10,21.1,2.6,99,-0.2,Very cloudy,Actual,0
31/03/2025,8692,23,5.1,0.2,55,5.7,Cloudy,Actual,2.6
01/04/2025,8706,14,11.7,8.7,83,1.8,Very cloudy,Actual,0.3
02/04/2025,8730,24,13,9.7,81,1.7,Mostly cloudy,Actual,0.3
03/04/2025,8742,12,15.7,8.9,56,4.5,Very cloudy,Actual,2
04/04/2025,8763,21,23.4,6.4,20,8,Partly cloudy,Actual,6.4
05/04/2025,8773,10,11.9,5.1,67,3.4,Cloudy,Actual,1.1
06/04/2025,8786,13,11.9,12.8,49,4.3,Mostly cloudy,Actual,2.2
07/04/2025,8810,24,19.8,7.3,32,7.4,Very cloudy,Actual,5
08/04/2025,8832,22,14,6.7,90,1.7,Cloudy,Actual,0.2
09/04/2025,8846,14,9.5,-0.6,6,10.1,Cloudy,Actual,9.5
10/04/2025,8862,16,14,4.5,69,3.3,Mostly cloudy,Actual,1
11/04/2025,8872,10,7.8,5.1,14,8.9,Very cloudy,Actual,7.7
12/04/2025,8884,12,8.5,5.4,81,1.5,Cloudy,Actual,0.3
13/04/2025,8895,11,15,8.3,31,7.3,Cloudy,Actual,5
14/04/2025,8913,18,13.4,7.5,74,2.7,Sunny,Actual,0.7
15/04/2025,8932,19,23.3,8.7,19,7.9,Cloudy,Actual,6.4
16/04/2025,8956,24,12.2,11.2,87,1.7,Sunny,Actual,0.2
17/04/2025,8971,15,16.6,12,14,9.1,Very cloudy,Actual,7.8
18/04/2025,8990,19,17.6,10.5,47,5.3,Very cloudy,Actual,2.8
19/04/2025,9002,12,5.3,14.3,70,3.2,Very cloudy,Actual,1
20/04/2025,9019,17,18.3,-0.7,20,7.5,Partly cloudy,Actual,6
21/04/2025,9042,23,8.6,2.1,41,6.5,Very cloudy,Actual,3.8
22/04/2025,9059,17,24.2,-0.9,25,7.1,Cloudy,Actual,5.3
23/04/2025,9070,11,8,9.4,13,8.3,Mostly cloudy,Actual,7.2
24/04/2025,9094,24,13.3,13.4,56,4.4,Sunny,Actual,1.9
25/04/2025,9109,15,6.7,2.9,36,7,Partly cloudy,Actual,4.5
26/04/2025,9125,16,24.9,13.8,57,4.9,Very cloudy,Actual,2.1
27/04/2025,9136,11,15,0,20,8,Very cloudy,Actual,6.4
28/04/2025,9160,24,16.9,14,81,2.3,Mostly cloudy,Actual,0.4
29/04/2025,9180,20,6.3,4.6,68,2.4,Mostly cloudy,Actual,0.8
30/04/2025,9199,19,20,0.6,2,9.4,Partly cloudy,Actual,9.2
01/05/2025,9210,11,9.2,6.8,86,1.1,Sunny,Actual,0.2
02/05/2025,9229,19,23,3.1,89,1.7,Very cloudy,Actual,0.2
03/05/2025,9239,10,9.1,3.6,36,6.7,Partly cloudy,Actual,4.3
04/05/2025,9256,17,8.8,3.9,87,1.4,Cloudy,Actual,0.2
05/05/2025,9266,10,5.7,11.8,48,5.3,Cloudy,Actual,2.8
06/05/2025,9284,18,14.4,7.6,18,9,Partly cloudy,Actual,7.4
07/05/2025,9304,20,16.3,4,88,1.1,Very cloudy,Missing,0.1
08/05/2025,9319,15,6.3,8.8,84,0.9,Partly cloudy,Actual,0.1
09/05/2025,9335,16,20.5,10.5,11,9.4,Very cloudy,Missing,8.4
10/05/2025,9357,22,14.1,3.4,60,4.1,Mostly cloudy,Actual,1.6
11/05/2025,9376,19,15.5,5.6,40,6.5,Partly cloudy,Actual,3.9
12/05/2025,9392,16,13.8,1,32,6.8,Very cloudy,Actual,4.6
13/05/2025,9411,19,13,1.9,49,4.7,Partly cloudy,Actual,2.4
14/05/2025,9423,12,16.2,9.9,67,3.5,Partly cloudy,Actual,1.2
15/05/2025,9434,11,8.1,1.9,70,3,Very cloudy,Actual,0.9
16/05/2025,9452,18,8.6,7.4,85,1.6,Very cloudy,Actual,0.2
17/05/2025,9469,17,22.2,10.3,32,7.6,Sunny,Actual,5.2
18/05/2025,9491,22,23.9,0.7,80,1.5,Partly cloudy,Actual,0.3
19/05/2025,9512,21,12.5,8.1,23,7.8,Cloudy,Actual,6
20/05/2025,9531,19,10.4,3.1,60,3.6,Partly cloudy,Actual,1.4
21/05/2025,9547,16,17.9,14.4,60,2.7,Partly cloudy,Actual,1.1
22/05/2025,9565,18,13.2,6.7,97,0.3,Very cloudy,Actual,0
23/05/2025,9578,13,5.5,11.9,27,7.3,Partly cloudy,Actual,5.3
24/05/2025,9600,22,8.1,7.8,57,4.6,Partly cloudy,Actual,2
25/05/2025,9613,13,19.3,-0.3,42,5.7,Cloudy,Actual,3.3
26/05/2025,9623,10,18.2,9.1,40,5.3,Very cloudy,Actual,3.2
27/05/2025,9640,17,5.5,14.2,38,5.8,Partly cloudy,Actual,3.6
28/05/2025,9663,23,9.4,8.6,85,2.2,Mostly cloudy,Actual,0.3
29/05/2025,9686,23,9.6,12.1,48,4.8,Sunny,Actual,2.5
30/05/2025,9707,21,18.4,13.1,16,9.2,Cloudy,Actual,7.7
31/05/2025,9719,12,5.4,2.6,97,0.8,Partly cloudy,Actual,0
01/06/2025,9735,16,7.1,2.4,69,2.9,Mostly cloudy,Actual,0.9
02/06/2025,9759,24,21,8.8,69,2.7,Partly cloudy,Actual,0.8
03/06/2025,9780,21,8.6,5.6,97,0.8,Partly cloudy,Actual,0
04/06/2025,9791,11,18.1,12.4,64,3.5,Very cloudy,Actual,1.3
05/06/2025,9802,11,9.8,13.4,73,1.9,Very cloudy,Actual,0.5
06/06/2025,9818,16,7,4.7,84,1.9,Very cloudy,Actual,0.3
07/06/2025,9842,24,9.9,2.8,4,9.8,Mostly cloudy,Actual,9.4
08/06/2025,9857,15,19.4,11.5,1,10.5,Partly cloudy,Actual,10.4
09/06/2025,9869,12,22.1,3.4,21,8.1,Sunny,Actual,6.4
10/06/2025,9887,18,21.6,12.2,56,4.1,Cloudy,Missing,1.8
11/06/2025,9906,19,12.9,5.8,65,4.1,Very cloudy,Actual,1.4
12/06/2025,9930,24,18.4,9.7,73,3.4,Very cloudy,Actual,0.9
13/06/2025,9953,23,9.1,0.5,97,0.4,Partly cloudy,Actual,0
14/06/2025,9975,22,10.9,9,15,8.5,Partly cloudy,Actual,7.2
15/06/2025,9990,15,22.9,6.2,50,4.3,Mostly cloudy,Actual,2.2
16/06/2025,10009,19,5.3,8.4,38,5.9,Mostly cloudy,Actual,3.7
17/06/2025,10028,19,6.7,1.7,85,1.9,Very cloudy,Missing,0.3
18/06/2025,10043,15,9.2,10.8,75,2.2,Partly cloudy,Actual,0.6
19/06/2025,10053,10,5.5,12.8,87,0.6,Sunny,Actual,0.1
20/06/2025,10066,13,8.6,2.5,39,7.8,Cloudy,Missing,4.8
21/06/2025,10085,19,16.7,0.5,37,5.6,Partly cloudy,Actual,3.5
22/06/2025,10100,15,13.4,-0.6,59,5.2,Partly cloudy,Actual,2.1
23/06/2025,10124,24,22.9,9.3,58,4,Mostly cloudy,Actual,1.7
24/06/2025,10139,15,21.3,8.7,9,9.1,Cloudy,Actual,8.3
25/06/2025,10159,20,11.8,7.7,98,-0.1,Very cloudy,Actual,0
26/06/2025,10180,21,10.2,2.7,63,4.1,Partly cloudy,Actual,1.5
27/06/2025,10194,14,12.6,5.3,62,3.1,Very cloudy,Actual,1.2
28/06/2025,10204,10,16.8,8.5,48,4.3,Partly cloudy,Actual,2.2
29/06/2025,10221,17,10.4,6.9,63,4.5,Very cloudy,Actual,1.7
30/06/2025,10235,14,17.5,14.8,31,6.5,Cloudy,Actual,4.5
01/07/2025,10256,21,13.2,1.2,6,9.8,Mostly cloudy,Actual,9.2
02/07/2025,10277,21,16,10.1,20,7.5,Cloudy,Actual,6
03/07/2025,10298,21,13.7,5.5,19,8.5,Sunny,Actual,6.9
04/07/2025,10312,14,10.9,5.9,25,8.3,Mostly cloudy,Actual,6.2
05/07/2025,10328,16,24,10.5,67,3,Cloudy,Actual,1
06/07/2025,10341,13,20.3,10.1,85,0.5,Sunny,Actual,0.1
07/07/2025,10356,15,7.8,14.9,14,9.4,Partly cloudy,Actual,8.1
08/07/2025,10378,22,22.4,1.1,84,2.1,Partly cloudy,Actual,0.3
09/07/2025,10391,13,14.7,0.7,78,2,Very cloudy,Actual,0.4
10/07/2025,10414,23,22.9,10.6,85,1.4,Mostly cloudy,Actual,0.2
11/07/2025,10438,24,21,8.3,91,0.3,Partly cloudy,Actual,0
12/07/2025,10450,12,13.5,3.4,13,9.4,Mostly cloudy,Actual,8.2
13/07/2025,10466,16,5.4,0.3,26,7.1,Partly cloudy,Actual,5.3
14/07/2025,10483,17,10.4,0.4,39,5.4,Very cloudy,Actual,3.3
15/07/2025,10496,13,15.8,13.3,57,4.4,Cloudy,Actual,1.9
16/07/2025,10518,22,17.7,2.1,27,6.9,Very cloudy,Actual,5
17/07/2025,10529,11,10.2,4.2,25,7,Sunny,Actual,5.2
18/07/2025,10550,21,7.8,2.6,62,3.6,Partly cloudy,Actual,1.4
19/07/2025,10569,19,21.7,4.7,65,3.5,Sunny,Actual,1.2
20/07/2025,10592,23,24.7,0.1,24,6.9,Sunny,Missing,5.2
21/07/2025,10604,12,15.5,7.3,2,10.5,Mostly cloudy,Actual,10.3
22/07/2025,10614,10,8.4,0.1,71,3.2,Partly cloudy,Actual,0.9
23/07/2025,10631,17,10.4,11.8,43,5.5,Sunny,Actual,3.1
24/07/2025,10655,24,5.4,2.7,96,-0.1,Cloudy,Actual,0
25/07/2025,10667,12,23.3,7.6,41,5.9,Sunny,Actual,3.5
26/07/2025,10688,21,7.4,13.1,98,0.6,Cloudy,Missing,0
27/07/2025,10707,19,16.5,9.4,5,9.9,Mostly cloudy,Actual,9.4
28/07/2025,10723,16,10.5,7.5,38,6.7,Sunny,Actual,4.2
29/07/2025,10742,19,16.1,4.2,51,4.7,Very cloudy,Actual,2.3
30/07/2025,10756,14,18,4.3,22,6.3,Mostly cloudy,Actual,4.9
31/07/2025,10775,19,21.6,9.7,88,1.8,Cloudy,Actual,0.2
01/08/2025,10789,14,9.1,14.9,49,5,Mostly cloudy,Actual,2.6
02/08/2025,10812,23,5.2,9.6,42,6.1,Sunny,Actual,3.5
03/08/2025,10828,16,7.7,7.9,18,9,Partly cloudy,Actual,7.4
04/08/2025,10852,24,23,10.7,68,4.4,Partly cloudy,Actual,1.4
05/08/2025,10870,18,22.5,6.4,50,4.7,Cloudy,Actual,2.4
06/08/2025,10891,21,16.9,0,10,9.1,Cloudy,Actual,8.2
07/08/2025,10905,14,17,8,11,9.6,Partly cloudy,Actual,8.5
08/08/2025,10915,10,18.3,14.3,73,2.3,Cloudy,Actual,0.6
09/08/2025,10934,19,8.5,1.8,7,9,Mostly cloudy,Actual,8.4
10/08/2025,10953,19,23.3,10,23,7.4,Very cloudy,Actual,5.7
11/08/2025,10963,10,13.4,2.2,91,0.9,Very cloudy,Missing,0.1
12/08/2025,10987,24,12.7,7.6,40,5.9,Mostly cloudy,Actual,3.5
13/08/2025,10998,11,15.4,0.5,35,6.2,Very cloudy,Actual,4
14/08/2025,11021,23,5.9,6.2,84,1.1,Sunny,Actual,0.2
15/08/2025,11036,15,8.3,11.1,71,3.3,Mostly cloudy,Missing,1
16/08/2025,11054,18,19.8,4.6,54,5.3,Cloudy,Actual,2.4
17/08/2025,11071,17,6.7,9.6,8,9.9,Mostly cloudy,Actual,9.1
18/08/2025,11093,22,17.1,11.7,46,5.2,Partly cloudy,Actual,2.8
19/08/2025,11107,14,9.9,13.8,14,9,Cloudy,Actual,7.7
20/08/2025,11117,10,12.8,2.8,47,5.4,Partly cloudy,Actual,2.9
21/08/2025,11139,22,10.8,5.4,81,1.6,Cloudy,Actual,0.3
22/08/2025,11155,16,12.1,1.4,41,6.3,Very cloudy,Actual,3.7
23/08/2025,11179,24,19.4,14.9,59,3.8,Mostly cloudy,Actual,1.6
24/08/2025,11193,14,10.9,13.8,83,1.5,Sunny,Actual,0.3
25/08/2025,11208,15,16.3,7.6,69,2.4,Cloudy,Actual,0.7
26/08/2025,11230,22,14.5,12.5,11,8.7,Cloudy,Actual,7.7
27/08/2025,11246,16,18.3,7.3,1,10,Partly cloudy,Actual,9.9
28/08/2025,11258,12,23.7,9,6,10.2,Very cloudy,Actual,9.6
29/08/2025,11279,21,19.7,0.4,79,1.9,Partly cloudy,Actual,0.4
30/08/2025,11298,19,9.3,11.1,2,9.3,Partly cloudy,Actual,9.1
31/08/2025,11310,12,5.6,1,2,10.5,Very cloudy,Actual,10.3
01/09/2025,11324,14,10.2,12.2,26,7.1,Sunny,Actual,5.3
02/09/2025,11339,15,16.9,11.5,39,5.2,Partly cloudy,Actual,3.2
03/09/2025,11357,18,6,10.3,32,6.9,Partly cloudy,Actual,4.7
04/09/2025,11379,22,14.9,-0.4,91,0.7,Cloudy,Actual,0.1
05/09/2025,11402,23,16.9,3.9,0,11.2,Very cloudy,Actual,11.2
06/09/2025,11423,21,11.7,3.2,7,9.5,Mostly cloudy,Actual,8.8
07/09/2025,11437,14,20.4,4.8,31,6.8,Sunny,Actual,4.7
08/09/2025,11461,24,7.1,0.4,47,4.8,Sunny,Actual,2.5
09/09/2025,11471,10,6.5,14,3,9.9,Very cloudy,Actual,9.6
10/09/2025,11494,23,19.6,7.9,93,1.4,Cloudy,Actual,0.1
11/09/2025,11517,23,14.9,3.9,69,3.3,Cloudy,Actual,1
12/09/2025,11540,23,18.8,5.4,18,7.8,Very cloudy,Actual,6.4
13/09/2025,11553,13,13.7,6.2,31,7.2,Cloudy,Actual,5
14/09/2025,11567,14,9.9,8.6,8,9.2,Sunny,Actual,8.5
15/09/2025,11588,21,21.4,7.3,11,9.1,Sunny,Actual,8.1
16/09/2025,11607,19,21,13.7,10,8.8,Mostly cloudy,Actual,7.9
17/09/2025,11626,19,18.9,7,45,5.3,Very cloudy,Actual,2.9
18/09/2025,11640,14,10.4,14.9,15,8.3,Partly cloudy,Actual,7.1
19/09/2025,11656,16,16.8,12.6,0,10.5,Partly cloudy,Actual,10.5
20/09/2025,11669,13,12.2,2.3,62,3.6,Mostly cloudy,Actual,1.4
21/09/2025,11679,10,6.8,13.9,20,7.8,Mostly cloudy,Actual,6.2
22/09/2025,11702,23,23.3,0.9,29,6.6,Cloudy,Actual,4.7
23/09/2025,11725,23,7.7,12.1,12,9,Mostly cloudy,Actual,7.9
24/09/2025,11739,14,24,5.1,33,6.9,Mostly cloudy,Actual,4.6
25/09/2025,11755,16,13.9,13,3,9.5,Partly cloudy,Missing,9.2
26/09/2025,11774,19,8.7,12.9,27,6.9,Cloudy,Actual,5
27/09/2025,11793,19,15.8,11.9,94,1.5,Mostly cloudy,Actual,0.1
28/09/2025,11808,15,22.5,11.6,58,3.3,Mostly cloudy,Actual,1.4
29/09/2025,11822,14,19.6,3.9,26,7.6,Cloudy,Actual,5.6
30/09/2025,11835,13,21.1,0.3,68,3.8,Very cloudy,Actual,1.2
01/10/2025,11846,11,18.2,5.4,24,5.9,Cloudy,Actual,4.5
02/10/2025,11859,13,18.8,1.8,2,10.2,Partly cloudy,Actual,10
03/10/2025,11883,24,22,10.1,96,0.3,Very cloudy,Actual,0
04/10/2025,11902,19,10,4.5,67,3.4,Sunny,Actual,1.1
05/10/2025,11921,19,14.8,14.6,24,7.4,Cloudy,Actual,5.6
06/10/2025,11933,12,9.4,9.3,19,8.6,Partly cloudy,Actual,7
07/10/2025,11952,19,24.8,12.2,33,6.9,Very cloudy,Actual,4.6
08/10/2025,11962,10,23.9,1.1,25,7.6,Cloudy,Actual,5.7
09/10/2025,11979,17,5.8,12.8,4,9.2,Mostly cloudy,Actual,8.8
10/10/2025,11993,14,19.1,13.8,98,1.1,Cloudy,Actual,0
11/10/2025,12015,22,23.5,6.8,60,4,Sunny,Actual,1.6
12/10/2025,12028,13,8.6,8.7,91,2,Cloudy,Actual,0.2
13/10/2025,12045,17,16.4,11.2,92,1.8,Very cloudy,Actual,0.1
14/10/2025,12061,16,23.3,1.8,8,8.3,Very cloudy,Actual,7.6
15/10/2025,12072,11,5.7,7,49,4.8,Cloudy,Missing,2.4
16/10/2025,12082,10,18.9,5.4,5,9,Very cloudy,Actual,8.5
17/10/2025,12103,21,10.9,1.3,82,1.8,Mostly cloudy,Actual,0.3
18/10/2025,12123,20,23.5,4.9,59,4.2,Cloudy,Actual,1.7
19/10/2025,12136,13,24.4,0.1,43,5.8,Mostly cloudy,Actual,3.3
20/10/2025,12153,17,23.9,-0.6,10,9.5,Mostly cloudy,Actual,8.6
21/10/2025,12174,21,14.5,1.2,65,4.2,Partly cloudy,Actual,1.5
22/10/2025,12185,11,22.2,14.4,46,5.9,Cloudy,Actual,3.2
23/10/2025,12197,12,21.9,7.8,72,2.5,Very cloudy,Actual,0.7
24/10/2025,12218,21,11.4,14.5,84,1.2,Mostly cloudy,Actual,0.2
25/10/2025,12228,10,21.6,5.9,87,1.3,Partly cloudy,Actual,0.2
26/10/2025,12238,10,5.7,4,97,0.5,Cloudy,Actual,0
27/10/2025,12260,22,16.9,7.1,85,1.4,Cloudy,Actual,0.2
28/10/2025,12272,12,9.6,6,2,9.1,Sunny,Actual,8.9
29/10/2025,12292,20,7.4,0.7,75,2.8,Sunny,Actual,0.7
30/10/2025,12306,14,6.5,9.3,91,0.7,Mostly cloudy,Actual,0.1
31/10/2025,12327,21,18.9,2.5,29,6.9,Sunny,Actual,4.9
01/11/2025,12339,12,11.8,8.9,89,1.1,Mostly cloudy,Actual,0.1
02/11/2025,12349,10,19.5,9.4,20,7.9,Very cloudy,Missing,6.3
